title,url
What Is A Node? (It's Worth The Click ;),https://www.youtube.com/watch?v=bYuLPyE0kLA
Simple & Easy n8n Facebook Post Workflow (Every Business Should Have This Running),https://www.youtube.com/watch?v=bcDTjuXrKf4
Upload Top n8n Workflows Into Your n8n Account,https://www.youtube.com/watch?v=EwkiKhb52D0
Download Top 40 Free n8n Workflows (Copy & Paste),https://www.youtube.com/watch?v=V8KGYAtZbg8
Cheaper Then Fiverr Or Upwork (I Prove It),https://www.youtube.com/watch?v=NDQbhcnHFUw
100% Free Tech Stack For Online Business,https://www.youtube.com/watch?v=_VWS15W68QM
315 FREE n8n Marketing Workflows Download NOW!,https://www.youtube.com/watch?v=L41RUKJpA6s
"AI in Church? Hume.ai API + n8n = AI for ""Community Care""",https://www.youtube.com/watch?v=ay6NhTvV1UU
1533 Free n8n Templates - Why Join A Skool?!?!?,https://www.youtube.com/watch?v=8MNz6phe0d0
3 Secrets To Profitable Google Ads Ai Agents,https://www.youtube.com/watch?v=4qCgwWC2Ba4
"Free Meta Ads AI Agent (10x ROAS, Fire Your Agency)",https://www.youtube.com/watch?v=L_MGg8NnaBY
What They Found Is Crazy!,https://www.youtube.com/watch?v=DJS8fOBLBDM
"6-Figure Business with $0 in Software Costs (Yes, 100% FREE  except electricity + internet)",https://www.youtube.com/watch?v=RNeT1Il24GM
Free n8n Social Media Automation Workflow Download,https://www.youtube.com/watch?v=NA8yXBOmiuc
4 Week AI Agents BootCamp Guaranteed Working (Or Money Back),https://www.youtube.com/watch?v=VHR-2gZKJos
Make Money With AI,https://www.youtube.com/watch?v=3bs0qXt59ZY
"Sora AI Video Generator Sucks? (Good For Ad Creative, Maybe)",https://www.youtube.com/watch?v=M1nt_oiXvgU
Automate Meta Ads with n8n (99.9% Will Get This Wrong),https://www.youtube.com/watch?v=cRwC4wX5jWY
Top 40 n8n API List (Most Are Free),https://www.youtube.com/watch?v=IxVzMI7y5Y0
Apply For Customized Done-For-You AI Automations - DFYn8n.com,https://www.youtube.com/watch?v=Oj0522heozA
n8n Dynamic Video Stats in Title  560  25  13,https://www.youtube.com/watch?v=QbOMlv1Rr6g
Stop Learning n8n The OLD Way (Use Google Gemini LIVE),https://www.youtube.com/watch?v=_uElZqJWisI
987  51  9 - n8n Local SEO Automation Workflow,https://www.youtube.com/watch?v=GQWkFk66YXs
1261  63  35  Get FREE n8n Workflows here,https://www.youtube.com/watch?v=yRcFiXkFflU
852  31  14 - Free n8n Workflow Templates  100% FREE!,https://www.youtube.com/watch?v=od_eQWVTzt4
Copy & Paste N8N Workflows in Seconds! (No Coding Needed!),https://www.youtube.com/watch?v=8tXYwLRZj3o
n8n Google Ads First Steps Integration (API Approval Required!),https://www.youtube.com/watch?v=86YizPRfPc8
n8n Builds Cheaper Then Fiverr Or Upwork,https://www.youtube.com/watch?v=1fwAmrY1Bzs
